,locution_conclusion,locution_premise,conclusion,premise,connection,nodeset_id,id_conclusion,id_premise,id_connection,argument_linked,speaker_conclusion,speaker_premise,speaker
3,LA :  It was a ghastly aberration,CL : Or was it in fact typical?,It was a ghastly aberration,it was in fact typical,CA,nodeset1524,28819,28822,28826,True,LA,CL,CL
9,CL : Or was it in fact typical?,CL : Was it the product of a policy that was unsustainable that could only be pursued by increasing repression?,it was in fact typical,it was the product of a policy that was unsustainable that could only be pursued by increasing repression,RA,nodeset1524,28822,28828,28832,True,CL,CL,CL
12,MB : Why should the present government of Britain be held responsible for responsibility for the these atrocities of its predecessor administration many decades ago?,MB :  Isn't the problem though that there are not very specific perpetrators?,the present government of Britain should be held responsible for responsibility for the these atrocities of its predecessor administration many decades ago,there are not very specific perpetrators,RA,nodeset6057,25658,25655,111637,False,MB,MB,MB
13,ES : why the current government of today should be held liable,ES : Obviously we cannot for legal reasons go into sort of identifying individuals,the current government of today should be held liable,we cannot for legal reasons go into sort of identifying individuals,Default Inference,nodeset6057,25670,25963,111643,False,ES,ES,ES
14,ES : why the current government of today should be held liable,ES :  is because there is an outstanding crime that has been committed,the current government of today should be held liable,there is an outstanding crime that has been committed,RA,nodeset6057,25670,25673,111646,True,ES,ES,ES
15,ES : why the current government of today should be held liable,ES : My understanding of international law is that there is no statute of limitations,the current government of today should be held liable,there is no statute of limitations,RA,nodeset6057,25670,25691,111657,False,ES,ES,ES
16,ES : why the current government of today should be held liable,"ES : these were not only, you know, crimes of torture",the current government of today should be held liable,these were not only crimes of torture,RA,nodeset6057,25670,25964,111646,True,ES,ES,ES
17,ES : why the current government of today should be held liable,"ES : there were war crimes committed,",the current government of today should be held liable,"there were war crimes committed,",RA,nodeset6057,25670,25680,111646,True,ES,ES,ES
18,ES : why the current government of today should be held liable,ES : there were crimes against humanity,the current government of today should be held liable,there were crimes against humanity,Default Inference,nodeset6057,25670,25681,111661,False,ES,ES,ES
19,ES : I think it would be totally different if the survivors had all died,ES : My understanding of international law is that there is no statute of limitations,it would be totally different if the survivors had all died,there is no statute of limitations,Default Inference,nodeset6057,25694,25691,111663,True,ES,ES,ES
20,ES : I think it would be totally different if the survivors had all died,"ES : But actually, you have living victims.",it would be totally different if the survivors had all died,you have living victims.,Default Inference,nodeset6057,25694,25697,111663,True,ES,ES,ES
21,LA : I don't know what - could you tell me what you think colonialism is?,"MT : Well, I guess for my definition, I would talk about rich countries in the West occupying countries of other people and imposing their rule on them and generally speaking extracting various forms of wealth from those countries to benefit the host country",colonialism is xxx,rich countries in the West occupying countries of other people and imposing their rule on them and generally speaking extracting various forms of wealth from those countries to benefit the host country,MA,nodeset6058,111666,26280,111670,False,LA,MT,MT
22,AM : Is it not the case that you are stretching your definition in order to make the British Empire fit into that?,ES : They did see this as being like under the Third Reich in effect.,you are stretching your definition in order to make the British Empire fit into that?,They did see this as being like under the Third Reich in effect.,RA,nodeset6059,25884,25889,111683,False,AM,ES,ES
26,"MB : Lee Jasper, is it your position that the current British Government has a lot more to apologise for in terms of colonialism than the ill-treatment of some now elderly Kenyans?",JA : It goes to the route of the modern malaise of a non-inclusive notion of British citizenship.,it is / is not Lee's position that the current British Government has a lot more to apologize for in terms of colonialism than the ill-treatment of some now elderly Kenyans,It goes to the route of the modern malaise of a non-inclusive notion of British citizenship.,RA,nodeset6060,111690,28602,111695,True,MB,JA,JA
35,JA : and we ought to do the right thing,"JA :  as we all know, the moral case is absolutely unanswerable",and we ought to do the right thing,"as we all know, the moral case is absolutely unanswerable",RA,nodeset6060,28618,28615,111703,True,JA,JA,JA
41,JA : It goes to the route of the modern malaise of a non-inclusive notion of British citizenship.,"JA : I think the relics of colonialism, racism and the current dystopia around in relation to people groping focus a kind of inclusive British citizenship that relieves them of the guilt of their - of the past, and opens up a vista of an inclusive future, actually relies on, to some extent, Britain having a truth and reconciliation moment,",It goes to the route of the modern malaise of a non-inclusive notion of British citizenship.,"I think the relics of colonialism, racism and the current dystopia around in relation to people groping focus a kind of inclusive British citizenship that relieves them of the guilt of their - of the past, and opens up a vista of an inclusive future, actually relies on, to some extent, Britain having a truth and reconciliation moment,",RA,nodeset6060,28602,28609,111705,True,JA,JA,JA
47,JA : It goes to the route of the modern malaise of a non-inclusive notion of British citizenship.,"JA : and saying, regardless of what the specificities of legalities are, and they can produce some pretty perverse judgments",It goes to the route of the modern malaise of a non-inclusive notion of British citizenship.,"and saying, regardless of what the specificities of legalities are, and they can produce some pretty perverse judgments",RA,nodeset6060,28602,28612,111705,True,JA,JA,JA
51,"MB : Lee Jasper, is it your position that the current British Government has a lot more to apologise for in terms of colonialism than the ill-treatment of some now elderly Kenyans?","JA :  as we all know, the moral case is absolutely unanswerable",it is / is not Lee's position that the current British Government has a lot more to apologize for in terms of colonialism than the ill-treatment of some now elderly Kenyans,"as we all know, the moral case is absolutely unanswerable",RA,nodeset6060,111690,28615,111709,True,MB,JA,JA
57,JA : I don't agree black people can be racist in the United Kingdom context.,JA : They can be racially offensive,black people can't be racist in the United Kingdom context,They can be racially offensive,RA,nodeset6061,111722,28704,111726,False,JA,JA,JA
58,JA : I don't agree black people can be racist in the United Kingdom context.,MP : They can't be prejudiced against white people?,black people can't be racist in the United Kingdom context,They can be prejudiced against white people,CA,nodeset6061,111722,111729,111731,False,JA,MP,MP
59,"JA :  but it is imbued with geography, history and culture",JA : and that gives it its specific meaning,"it is imbued with geography, history and culture",that gives it its specific meaning,RA,nodeset6061,28728,28734,111740,False,JA,JA,JA
60,"MP : But is it your view that the history of colonialism, maybe the history of slavery, is responsible for racism in Britain?",MP : Is that part of your case?,"It is / is not JA's view that the history of colonialism, maybe the history of slavery, is responsible for racism in Britain",that is / is not part of JA's case,Default Paraphrase,nodeset6061,111711,111713,111743,False,MP,MP,MP
61,MP : They can't be prejudiced against white people?,"JA : in order to effect racism, you really need, in the proper sense of the word, you need prejudice and power",They can be prejudiced against white people,"in order to effect racism, you really need, in the proper sense of the word, you need prejudice and power",Default Conflict,nodeset6061,111729,28715,111745,True,MP,JA,JA
62,MP : They can't be prejudiced against white people?,"JA :  And it's not something that is within the scope of very many black British citizens, here in the United Kingdom or Europe",They can be prejudiced against white people,"it's not something that is within the scope of very many black British citizens, here in the United Kingdom or Europe",Default Conflict,nodeset6061,111729,28722,111745,True,MP,JA,JA
63,MP : They can't be prejudiced against white people?,"JA : If you're talking about internationally, then racism is not just a dictionary definition",They can be prejudiced against white people,"If you're talking about internationally, then racism is not just a dictionary definition",Default Conflict,nodeset6061,111729,28725,111745,True,MP,JA,JA
64,JA : There is no universal definition in relation to its application  ,"JA : If you're talking about internationally, then racism is not just a dictionary definition",There is no universal definition in relation to its application  ,"If you're talking about internationally, then racism is not just a dictionary definition",Default Inference,nodeset6061,28740,28725,111749,True,JA,JA,JA
65,JA : There is no universal definition in relation to its application  ,"JA :  but it is imbued with geography, history and culture",There is no universal definition in relation to its application  ,"it is imbued with geography, history and culture",Default Inference,nodeset6061,28740,28728,111749,True,JA,JA,JA
66,"MB : From your point of view, even if this hearing itself or the damages claims by these three individuals are concerned, should it be the occasion for examining the colonial legacy?","ES : In fact, some of us would argue the case doesn't go far enough","even if this hearing itself or the damages claims by these three individuals are concerned, it should / should not be the occasion for examining the colonial legacy",some of us would argue the case doesn't go far enough,RA,nodeset6062,111751,28796,111757,False,MB,ES,ES
67,"ES : In fact, some of us would argue the case doesn't go far enough",ES : because the colonial context is absent,some of us would argue the case doesn't go far enough,the colonial context is absent,RA,nodeset6062,28796,28802,111761,True,ES,ES,ES
68,"ES : In fact, some of us would argue the case doesn't go far enough","ES : and without recognising colonialism, it's very hard to understand what actually took place.",some of us would argue the case doesn't go far enough,"without recognising colonialism, it's very hard to understand what actually took place.",RA,nodeset6062,28796,28808,111761,True,ES,ES,ES
69,AM : So the guilt must be on the side of the colonial power,ES : We have to go to the roots of this problem,the guilt must be on the side of the colonial power,We have to go to the roots of this problem,Default Conflict,nodeset6063,111767,25852,111774,False,AM,ES,ES
70,ES : We have to go to the roots of this problem,ES : We don't look at it halfway through,We have to go to the roots of this problem,We don't look at it halfway through,Default Inference,nodeset6063,25852,25853,111779,False,ES,ES,ES
71,"AM : So it's a symbolic case, to open a wider door?",ES : For some people it is.,"it's a symbolic case, to open a wider door",For some people it is,Reframe,nodeset6063,25593,7430,111781,False,AM,ES,ES
72,ES : For me it is actually very significant,ES : it means that we are forced to engage in this conversation,it is actually very significant,it means that we are forced to engage in this conversation,Default Inference,nodeset6063,25608,25611,111793,False,ES,ES,ES
73,ES : For me it is actually very significant,ES : we are forced to do the analysis,it is actually very significant,we are forced to do the analysis,Default Inference,nodeset6063,25608,25876,111798,False,ES,ES,ES
74,CL : and therefore the only way forward was for Britain to withdraw,CL : and decided that this had taught an important lesson that the only way in which the British presence in Africa could be sustained was brutality,and therefore the only way forward was for Britain to withdraw,decided that this had taught an important lesson that the only way in which the British presence in Africa could be sustained was brutality,RA,nodeset6064,29054,29053,111803,False,CL,CL,CL
75,"CL : when news first came of the horrific massacre of Mau Mau prisoners in Kenya. Wide swathes of British public opinion and the media and the Prime Minister and most of the Cabinet were horrified and disgusted then, not now, then",CL : The key point about the British Empire is not necessarily that brutality does not happen but when it does,"when news first came of the horrific massacre of Mau Mau prisoners in Kenya. Wide swathes of British public opinion and the media and the Prime Minister and most of the Cabinet were horrified and disgusted then, not now, then",The key point about the British Empire is not necessarily that brutality does not happen but when it does,Default Inference,nodeset6064,111805,111809,111814,False,CL,CL,CL
76,CL : you often have public inquiries and open investigations,CL : The key point about the British Empire is not necessarily that brutality does not happen but when it does,you often have public inquiries and open investigations,The key point about the British Empire is not necessarily that brutality does not happen but when it does,Default Inference,nodeset6064,111816,111809,111821,False,CL,CL,CL
77,CL : and decided that this had taught an important lesson that the only way in which the British presence in Africa could be sustained was brutality,CL : you often have public inquiries and open investigations,decided that this had taught an important lesson that the only way in which the British presence in Africa could be sustained was brutality,you often have public inquiries and open investigations,Default Inference,nodeset6064,29053,111816,111824,False,CL,CL,CL
78,NL :  they are effectively trying to hand over to some kind of stable rule,"NL : By the 50s, the Empire is going, everyone knows that",they are effectively trying to hand over to some kind of stable rule,"By the 50s, the Empire is going",Default Inference,nodeset6064,111839,111833,111844,False,NL,NL,NL
79,NL :  they are effectively trying to hand over to some kind of stable rule,"NL : By the 50s, the Empire is going, everyone knows that",they are effectively trying to hand over to some kind of stable rule,"By the 50s, the Empire is going",Default Inference,nodeset6064,111839,111833,111844,False,NL,NL,NL
80,CL : This is all morally blameworthy?,LA : Not to be in a funk when you are reading intelligence reports which suggest your Empire is under sustained assault,This is not all morally blameworthy,Not to be in a funk when you are reading intelligence reports which suggest your Empire is under sustained assault,Default Conflict,nodeset6065,111846,29516,111858,False,CL,LA,LA
81,LA : Not to be in a funk when you are reading intelligence reports which suggest your Empire is under sustained assault,LA : We know it wasn't,Not to be in a funk when you are reading intelligence reports which suggest your Empire is under sustained assault,it wasn't,Default Inference,nodeset6065,29516,111850,111861,False,LA,LA,LA
82,"CL : what's wrong with doing the British thing, owning up and paying up?",CL : a legal remedy exists,"theres' nothing wrong with doing the British thing, owning up and paying up",a legal remedy exists,Default Inference,nodeset6065,111852,111868,111873,False,CL,CL,CL
83,"CL : what's wrong with doing the British thing, owning up and paying up?",LA : It's not a question of the British thing,"theres' nothing wrong with doing the British thing, owning up and paying up",It's not a question of the British thing,Default Conflict,nodeset6065,111852,29533,111880,False,CL,LA,LA
84,LA : It's not a question of the British thing,"LA : it's the British thing of legally examining it, and rationally going through the evidence and finding complete proof, total proof that these people suffered injuries in such a place in such a way, and that the officers who commanded them, then the judges and the lawyers can say how far are these agents of the British state",It's not a question of the British thing,"it's the British thing of legally examining it, and rationally going through the evidence and finding complete proof, total proof that these people suffered injuries in such a place in such a way, and that the officers who commanded them, then the judges and the lawyers can say how far are these agents of the British state",Default Inference,nodeset6065,29533,29537,111883,False,LA,LA,LA
85,"LA : it's the British thing of legally examining it, and rationally going through the evidence and finding complete proof, total proof that these people suffered injuries in such a place in such a way, and that the officers who commanded them, then the judges and the lawyers can say how far are these agents of the British state",LA : did the British state know what they were doing? I think it did,"it's the British thing of legally examining it, and rationally going through the evidence and finding complete proof, total proof that these people suffered injuries in such a place in such a way, and that the officers who commanded them, then the judges and the lawyers can say how far are these agents of the British state",the British state knew what they were doing ,Default Inference,nodeset6065,29537,111885,111890,False,LA,lLA,LA
86,MB : the first and third witnesses didn't seem to draw much a distinction between the British Empire and the Third Reich.,The first and third witnesses : atrocities should be - war crimes or atrocities perpetrated against civilians should be - justice should be done regardless of limit of time,the first and third witnesses didn't seem to draw much a distinction between the British Empire and the Third Reich.,atrocities should be - war crimes or atrocities perpetrated against civilians should be - justice should be done regardless of limit of time,Default Inference,nodeset6066,29555,111907,111914,False,MB,The first and third witnesses,MB
87,MP : we are not prosecuting crimes that were committed against these unfortunate people,MP : we don't have the perpetrators in court,we are not prosecuting crimes that were committed against these unfortunate people,we don't have the perpetrators in court,Default Inference,nodeset6066,29589,29585,111918,False,MP,MP,MP
88,MP : we don't have the perpetrators in court,MP : they are seeking civilian reparation,we don't have the perpetrators in court,they are seeking civilian reparation,Default Inference,nodeset6066,29585,29592,111922,False,MP,MP,MP
89,"MT : The pragmatic justification is that they - if they are to take their case against anybody, we, this state, the British state now, is the closest they can get to it.",AM : That's not good enough,"The pragmatic justification is that they - if they are to take their case against anybody, we, this state, the British state now, is the closest they can get to it.",That's not good enough,CA,nodeset6067,8238,29627,111937,False,MT,AM,MT
90,MT : and I would say there is both a pragmatic and a historic justification,"MT : The pragmatic justification is that they - if they are to take their case against anybody, we, this state, the British state now, is the closest they can get to it.",there is both a pragmatic and a historic justification,"The pragmatic justification is that they - if they are to take their case against anybody, we, this state, the British state now, is the closest they can get to it.",RA,nodeset6067,29635,8238,111943,True,MT,MT,MT
91,"MT : Of course you have to draw lines, Melanie,",MT : but these people are alive,you have to draw lines,these people are alive,Default Rephrase,nodeset6067,29612,29615,111945,True,MT,MT,MT
92,"MT : Of course you have to draw lines, Melanie,",MT : and I would say there is both a pragmatic and a historic justification,you have to draw lines,there is both a pragmatic and a historic justification,Default Rephrase,nodeset6067,29612,29635,111945,True,MT,MT,MT
93,"MT : The pragmatic justification is that they - if they are to take their case against anybody, we, this state, the British state now, is the closest they can get to it.",MT : They can't go back and dig up Macmillan,"The pragmatic justification is that they - if they are to take their case against anybody, we, this state, the British state now, is the closest they can get to it.",They can't go back and dig up Macmillan,Default Inference,nodeset6067,8238,29621,111947,False,MT,MT,MT
94,MT : and I would say there is both a pragmatic and a historic justification,"MT : Second, there's no question this country has benefitted and continues to benefit from the extraction it took from the British Empire.",there is both a pragmatic and a historic justification,there's no question this country has benefitted and continues to benefit from the extraction it took from the British Empire.,RA,nodeset6067,29635,111939,111943,True,MT,MT,MT
95,"MB : Where does moral justice lie when we look back at our imperial past, would you say?","NL : Well, I think it very much depends which side you take it,",moral justice lies xxx when we look back at our imperial past,"it very much depends which side you take it,",Default Rephrase,nodeset6068,111949,30402,111953,False,MB,NL,NL
96,"NL : Well, I think it very much depends which side you take it,",NL : you are on the side of the nationalist movements which replaced the British Empire,"it very much depends which side you take it,",you are on the side of the nationalist movements which replaced the British Empire,Default Inference,nodeset6068,30402,111955,111960,True,NL,NL,NL
97,"NL : Well, I think it very much depends which side you take it,",NL : are you on the side of the imperialists which have had a very bad press for so many years?,"it very much depends which side you take it,",you are / are not on the side of the imperialists which have had a very bad press for so many years,Default Inference,nodeset6068,30402,111961,111960,True,NL,NL,NL
98,MB : Do you think we have got a lot to apologise for?,NL : I don't think we do,NL thinks / does not think we have got a lot to apologize for,we do not have got a lot to apologize for,Default Rephrase,nodeset6069,111966,111969,111971,False,NL,NL,NL
99,NL : I don't think we do,NL : It very much depends on the specific incident you are talking about and which side are you going to go on?,we do not have got a lot to apologize for,It very much depends on the specific incident you are talking about and which side are you going to go on?,RA,nodeset6069,111969,7940,111972,True,NL,NL,NL
100,NL : I don't think we do,NL : We are talking about the violence which may have been perpetrated against Mau Mau suspects,we do not have got a lot to apologize for,We are talking about the violence which may have been perpetrated against Mau Mau suspects,RA,nodeset6069,111969,7943,111972,True,NL,NL,NL
101,"MB : Well, the government has acknowledged that they were ill treated in court, but I won't go on with that","NL : We know Kenya was a brutal war,",the government has acknowledged that they were ill treated in court,"Kenya was a brutal war,",RA,nodeset6069,29007,30449,111981,False,MB,NL,NL
102,MB : What do you think?,MB : Do you think we have got a lot to apologise for?,NL thinks xxx,NL thinks / does not think we have got a lot to apologize for,Default Rephrase,nodeset6069,111986,111966,111988,False,MB,MB,MB
103,NL : but what about the violence that the Mau Mau perpetrated against settlers and particularly loyal Africans.,"NL : We know Kenya was a brutal war,",the violence that the Mau Mau perpetrated against settlers and particularly loyal Africans xxx,"Kenya was a brutal war,",Default Inference,nodeset6069,111978,30449,111993,False,NL,NL,NL
104,"CL : The horror that was going round there, which nearly cost Macmillan his election, was horror at the way the British Army had behaved, not at Mau Mau.",NL : I think there was horror at Mau Mau.,"The horror that was going round there, which nearly cost Macmillan his election, was horror at the way the British Army had behaved, not at Mau Mau.",there was horror at Mau Mau.,CA,nodeset6070,7986,111995,112000,False,CL,NL,CL
105,NL : I think there was horror at Mau Mau.,"NL :  Let's be straight, the situation in Kenya was a bloody dirty war",there was horror at Mau Mau.,the situation in Kenya was a bloody dirty war,Default Inference,nodeset6070,111995,30507,112007,True,NL,NL,NL
106,NL : I think there was horror at Mau Mau.,NL : no one really comes out very well,there was horror at Mau Mau.,no one really comes out very well,Default Inference,nodeset6070,111995,112009,112007,True,NL,NL,NL
107,"NL :  it's a situation where, you know, six years before the start of the Kenya emergency, the British Army in India is being hammered because it's not brutal enough, by the nationalists and the Muslims",NL : because it's not brutal enough,"it's a situation where, six years before the start of the Kenya emergency, the British Army in India is being hammered by the nationalists and the Muslims",it's not brutal enough,Default Inference,nodeset6070,112014,112019,112024,True,NL,NL,NL
108,"NL :  it's a situation where, you know, six years before the start of the Kenya emergency, the British Army in India is being hammered because it's not brutal enough, by the nationalists and the Muslims","Nationalists and Muslims : you are not shooting people or controlling the population, you are basically letting us die","it's a situation where, six years before the start of the Kenya emergency, the British Army in India is being hammered by the nationalists and the Muslims","you are not shooting people or controlling the population, you are basically letting Nationalists and Muslims die",Default Inference,nodeset6070,112014,112026,112024,True,NL,Nationalists and Muslims,Nationalists and Muslims
109,"NL : so in a sense we're saying that, you know, we're criticising the fireman","NL : because he has used too much water to actually, you know, quench the fire",we're criticising the fireman,the fireman has used too much water to quench the fire,Default Inference,nodeset6070,112034,112039,112044,False,NL,NL,NL
110,NL : I think these judgments are very difficult to make,"NL : because he has used too much water to actually, you know, quench the fire",these judgments are very difficult to make,the fireman has used too much water to quench the fire,Default Conflict,nodeset6070,112046,112039,112051,False,NL,NL,NL
111,NL : I think these judgments are very difficult to make,"CL :  in the context of what we're talking about tonight the strange phenomenon then occurred, where the British went in denial and have been in denial ever since.",these judgments are very difficult to make,"in the context of what we're talking about tonight the strange phenomenon then occurred, where the British went in denial and have been in denial ever since.",Default Conflict,nodeset6070,112046,30544,112058,False,NL,CL,CL
112,NL :  and they are effectively trying to hand over to some kind of stable rule and in certain circumstances you have to suppress,"NL : By the 50s, the Empire is going, everyone knows that",they are effectively trying to hand over to some kind of stable rule and in certain circumstances you have to suppress,"By the 50s, the Empire is going",Default Inference,nodeset6071,112073,111833,112078,False,NL,NL,NL
113,NL :  and they are effectively trying to hand over to some kind of stable rule and in certain circumstances you have to suppress,"NL : By the 50s, the Empire is going, everyone knows that",they are effectively trying to hand over to some kind of stable rule and in certain circumstances you have to suppress,"By the 50s, the Empire is going",Default Inference,nodeset6071,112073,111833,112078,False,NL,NL,NL
114,NL :  and they are effectively trying to hand over to some kind of stable rule and in certain circumstances you have to suppress,"NL : the Hola circumstances and the shock did not change the public consciousness about ourselves as an imperial power,and realised it was morally unsustainable from then onwards",they are effectively trying to hand over to some kind of stable rule and in certain circumstances you have to suppress,"the Hola circumstances and the shock did not change the public consciousness about ourselves as an imperial power,and realised it was morally unsustainable from then onwards",Default Rephrase,nodeset6071,112073,112083,112091,False,NL,NL,NL
115,"NL : the Hola circumstances and the shock did not change the public consciousness about ourselves as an imperial power,and realised it was morally unsustainable from then onwards",NL : The are other instances that bring up questions about imperial rule,"the Hola circumstances and the shock did not change the public consciousness about ourselves as an imperial power,and realised it was morally unsustainable from then onwards",The are other instances that bring up questions about imperial rule,Default Inference,nodeset6071,112083,112097,112102,False,NL,NL,NL
116,NL : but the key thing in British society is the horror at the violence of the Mau Mau which is profoundly shocking,NL : The are other instances that bring up questions about imperial rule,key thing in British society is the horror at the violence of the Mau Mau which is profoundly shocking,The are other instances that bring up questions about imperial rule,Default Inference,nodeset6071,112104,112097,112109,False,NL,NL,NL
117,"MP : but I mean, relative to many other countries surely it's an exemplar of inclusivity","MP : for example, in contrast to, say, America, you don't have a kind of polarisation between black and white here in the way that you do there.",relative to many other countries surely it's an exemplar of inclusivity,"in contrast to, say, America, you don't have a kind of polarisation between black and white here in the way that you do there.",RA,nodeset6072,28635,28641,112114,False,MP,MP,MP
118,JA : I think you raise an interesting point,"JA : because whilst the African Americans are socially segregated from their American cousins, they are economically integrated",MP raises an interesting point,"whilst the African Americans are socially segregated from their American cousins, they are economically integrated",RA,nodeset6072,28653,28656,112121,True,JA,JA,JA
119,JA : I think you raise an interesting point,JA : And the extent to which an African American is prepared to stand by the flag is far in advance than any black British individual,MP raises an interesting point,the extent to which an African American is prepared to stand by the flag is far in advance than any black British individual,RA,nodeset6072,28653,28665,112121,True,JA,JA,JA
120,JA : I think that hints to the kind of schism around citizenship that we have here in the United Kingdom,JA : And the extent to which an African American is prepared to stand by the flag is far in advance than any black British individual,that hints to the kind of schism around citizenship that we have here in the United Kingdom,the extent to which an African American is prepared to stand by the flag is far in advance than any black British individual,RA,nodeset6072,28668,28665,112126,False,JA,JA,JA
121,JA : Britain is non-inclusive,"MP : but I mean, relative to many other countries surely it's an exemplar of inclusivity",Britain is non-inclusive,relative to many other countries surely it's an exemplar of inclusivity,Default Conflict,nodeset6072,28630,28635,112138,False,JA,MP,MP
122,"MP : for example, in contrast to, say, America, you don't have a kind of polarisation between black and white here in the way that you do there.","JA : because whilst the African Americans are socially segregated from their American cousins, they are economically integrated","in contrast to, say, America, you don't have a kind of polarisation between black and white here in the way that you do there.","whilst the African Americans are socially segregated from their American cousins, they are economically integrated",Default Conflict,nodeset6072,28641,28656,112141,False,MP,JA,JA
123,JA : I think that hints to the kind of schism around citizenship that we have here in the United Kingdom,JA : It's not a case of just legality,that hints to the kind of schism around citizenship that we have here in the United Kingdom,It's not a case of just legality,Default Inference,nodeset6072,28668,28674,112144,True,JA,JA,JA
124,JA : I think that hints to the kind of schism around citizenship that we have here in the United Kingdom,JA : It is a case of people feeling that they have a place,that hints to the kind of schism around citizenship that we have here in the United Kingdom,It is a case of people feeling that they have a place,Default Inference,nodeset6072,28668,28677,112144,True,JA,JA,JA
125,Esther : Justice to me would be multi-facetted,"Esther : we have to acknowledge that there are survivors, who have never experienced any form of recompense",Justice would be multi-facetted,"there are survivors, who have never experienced any form of recompense",Default Inference,nodeset6073,38192,25452,112154,True,Esther,Esther,Esther
126,Esther : Justice to me would be multi-facetted,Esther : they do need to be compensated for the crimes that were committed against them,Justice would be multi-facetted,they do need to be compensated for the crimes that were committed against them,Default Inference,nodeset6073,38192,25462,112154,True,Esther,Esther,Esther
127,Esther : they do need to be compensated for the crimes that were committed against them,"Esther : you know, these are elderly victims",they do need to be compensated for the crimes that were committed against them,these are elderly victims,Default Inference,nodeset6073,25462,25457,112159,False,Esther,Esther,Esther
128,Anne  : You said two things,Anne : You said it's quite specific and you think of it as one specific legal trial with evidence that can be weighed and damages which may then be awarded,Esther said two things,Esther : it's quite specific and I think of it as one specific legal trial with evidence that can be weighed and damages which may then be awarded,Default Inference,nodeset6073,112163,112169,112175,True,Anne,Anne,Anne
129,Anne  : You said two things,Anne :you've also said that it's more broadly about colonialism,Esther said two things,Esther : it's more broadly about colonialism,Default Inference,nodeset6073,112163,38178,112175,True,Anne,Anne,Anne
130,Anne  : So what would justice look like to you?,Esther : Justice to me would be multi-facetted,justice would look like xxx,Justice would be multi-facetted,Default Rephrase,nodeset6073,38724,38192,112184,False,Anne,Esther,Anne
131,Esther : Justice to me would be multi-facetted,"Esther : Of course, there is value in specific cases",Justice would be multi-facetted,there is value in specific cases,Default Inference,nodeset6073,38192,38196,112187,False,Esther,Esther,Esther
132,"Esther :  However, we must not lose sight of the fact that they represent a class of people",Esther : and there are many other survivors who do not currently have access to justice,they represent a class of people,there are many other survivors who do not currently have access to justice,Default Inference,nodeset6073,38214,38217,112191,False,Esther,Esther,Esther
133,Esther : Justice to me would be multi-facetted,Esther : and there are many other survivors who do not currently have access to justice,Justice would be multi-facetted,there are many other survivors who do not currently have access to justice,Default Inference,nodeset6073,38192,38217,112154,True,Esther,Esther,Esther
134,"Anne  : We also know that there were atrocities on both sides, including in this big group of people that you've just referred to",Anne  : This took place in the colonial era,"there were atrocities on both sides, including in this big group of people that Esther has just referred to",This took place in the colonial era,Default Inference,nodeset6074,38749,38223,112196,False,Anne,Anne,Anne
135,Esther : How I would answer that is I would look at the context,Esther : This was a war of liberation,Esther would look at the context,This was a war of liberation,Default Inference,nodeset6074,38758,25496,112204,False,Esther,Esther,Esther
136,Esther : This was a war of liberation,Esther :  Actually it was an unjust war that was being levelled against the Africans,This was a war of liberation,it was an unjust war that was being levelled against the Africans,Default Inference,nodeset6074,25496,25501,112207,True,Esther,Esther,Esther
137,Esther : This was a war of liberation,"Esther : They were dispossessed of their land, which began formally, in terms of the carving up of Africa",This was a war of liberation,"They were dispossessed of their land, which began formally, in terms of the carving up of Africa",Default Inference,nodeset6074,25496,25506,112207,True,Esther,Esther,Esther
138,Anne  : so would you be also happy for them to face trial for atrocities committed against white settlers and British service personnel at the time?,Esther : How I would answer that is I would look at the context,Esther would not be also happy for them to face trial for atrocities committed against white settlers and British service personnel at the time,Esther would look at the context,Default Rephrase,nodeset6074,38755,38758,112211,False,Anne,Esther,Esther
139,Esther : the context is colonialism,"Melanie : one could equally say the context for the atrocities having been carried out by agents of the British Government at the time, the context was the atrocities being carried out against them by the Mau Mau",the context is colonialism,"the context for the atrocities having been carried out by agents of the British Government at the time, the context was the atrocities being carried out against them by the Mau Mau",Default Conflict,nodeset6075,26061,26064,112243,False,Esther,Melanie,Melanie
140,Melanie : Why are you being so selective about your context?,Melanie : you are in fact saying that the context is colonialism,Esther is being selective about her context,Esther : the context is colonialism,Default Inference,nodeset6075,112245,112231,112250,True,Melanie,Melanie,Melanie
141,Melanie : Why are you being so selective about your context?,"Melanie : one could equally say the context for the atrocities having been carried out by agents of the British Government at the time, the context was the atrocities being carried out against them by the Mau Mau",Esther is being selective about her context,"the context for the atrocities having been carried out by agents of the British Government at the time, the context was the atrocities being carried out against them by the Mau Mau",Default Inference,nodeset6075,112245,26064,112250,True,Melanie,Melanie,Melanie
142,Esther :  that's not correct,Esther : That's not what I stated,that's not correct,That's not what Esther stated,Default Inference,nodeset6075,112252,112256,112261,False,Esther,Esther,Esther
143,Esther : That's not what I stated,Esther : We're looking at this case in a multiple ways,That's not what Esther stated,We're looking at this case in a multiple ways,Default Inference,nodeset6075,112256,26093,112270,False,Esther,Esther,Esther
144,Melanie : Why are you being so selective about your context?,"Melanie : It's only for you colonialism that is on trial here, not the behaviour of the insurgents at the time",Esther is being selective about her context,"It's only for Esther colonialism that is on trial here, not the behaviour of the insurgents at the time",Default Inference,nodeset6075,112245,112275,112280,False,Melanie,Melanie,Melanie
145,"Melanie : It's only for you colonialism that is on trial here, not the behaviour of the insurgents at the time",Esther :  that's not correct,"It's only for Esther colonialism that is on trial here, not the behaviour of the insurgents at the time",that's not correct,Default Conflict,nodeset6075,112275,112252,112287,False,Melanie,Esther,Melanie
146,Esther : We're looking at this case in a multiple ways,Esther : It's a specific case,We're looking at this case in a multiple ways,It's a specific case,Default Inference,nodeset6075,26093,26094,112297,False,Esther,Esther,Esther
147,Esther : but I was also giving wider views around the importance of this case,Esther : We're looking at this case in a multiple ways,Esther was also giving wider views around the importance of this case,We're looking at this case in a multiple ways,Default Inference,nodeset6075,112289,26093,112300,False,Esther,Esther,Esther
148,Esther : but I was also giving wider views around the importance of this case,Esther : And we have to look at it in that way,Esther was also giving wider views around the importance of this case,we have to look at it in that way,Default Rephrase,nodeset6075,112289,26106,112303,False,Esther,Esther,Esther
149,Esther : That's not what I stated,"Esther : So the wider context I actually go back to what I said in the beginning, it is the colonial dispossession",That's not what Esther stated,the wider context is the colonial dispossession,Default Inference,nodeset6075,112256,112305,112310,False,Esther,Esther,Esther
150,Esther :  there were insurgents as you would call them,"Esther : So the wider context I actually go back to what I said in the beginning, it is the colonial dispossession",there were insurgents as Melanie would call them,the wider context is the colonial dispossession,Default Inference,nodeset6075,112315,112305,112322,False,Esther,Esther,Esther
151,Esther : so yes,"Esther : So the wider context I actually go back to what I said in the beginning, it is the colonial dispossession",there were insurgents as Melanie would call them,the wider context is the colonial dispossession,Default Inference,nodeset6075,112315,112305,112322,False,Esther,Esther,Esther
152,Esther :  there were insurgents as you would call them,Esther : we would say freedom fighters,there were insurgents as Melanie would call them,we would say freedom fighters,Default Rephrase,nodeset6075,112315,26109,112328,False,Esther,Esther,Esther
153,Esther : so yes,Esther : we would say freedom fighters,there were insurgents as Melanie would call them,we would say freedom fighters,Default Rephrase,nodeset6075,112315,26109,112328,False,Esther,Esther,Esther
154,Esther : and they did what they had to do in order to maintain a liberation struggle,"Esther : So the wider context I actually go back to what I said in the beginning, it is the colonial dispossession",they did what they had to do in order to maintain a liberation struggle,the wider context is the colonial dispossession,Default Inference,nodeset6075,112330,112305,112335,False,Esther,Esther,Esther
155,MB : What do you think is going on here?,"MB : If there is an element, if you like, of retrospective moral judgments, are there problems with that?",What is going on here is xxx,"If there is an element of retrospective moral judgments, there are no problem with that",Default Rephrase,nodeset6076,112342,112343,112347,False,MB,MB,MB
156,LA : I always have a problem of judging the past by our values,LA : It seems to me a mixture of arrogance and absurdity,There is a problem with judging the past by our values,It seems to be a mixture of arrogance and absurdity,RA,nodeset6076,26144,26145,112351,False,LA,LA,LA
157,"MB : If there is an element, if you like, of retrospective moral judgments, are there problems with that?",LA : I always have a problem of judging the past by our values,"If there is an element of retrospective moral judgments, there are no problem with that",There is a problem with judging the past by our values,Default Conflict,nodeset6076,112343,26144,112355,False,MB,LA,LA
158,LA : I always have a problem of judging the past by our values,MT : I don't see really what the problem is here.,There is a problem with judging the past by our values,There is no problem  here.,CA,nodeset6076,26144,26154,112360,False,LA,MT,MT
159,MT : the way they suffered was a crime,MT : in almost any jurisdiction in the world it would be seen as a crime,the way they suffered was a crime,in almost any jurisdiction in the world it would be seen as a crime,RA,nodeset6076,26159,26160,112366,False,MT,MT,MT
160,MT : I don't see really what the problem is here.,MT : There are three people who it seems very likely suffered,There is no problem  here.,There are three people who it seems very likely suffered,Default Inference,nodeset6076,26154,26157,112374,True,MT,MT,MT
161,MT : There are three people who it seems very likely suffered,MT : they suffered in the context of imprisonment possibly,There are three people who it seems very likely suffered,they suffered in the context of imprisonment possibly,Default Inference,nodeset6076,26157,26158,112377,False,MT,MT,MT
162,MT : I don't see really what the problem is here.,MT : the way they suffered was a crime,There is no problem  here.,the way they suffered was a crime,Default Inference,nodeset6076,26154,26159,112374,True,MT,MT,MT
163,MT : I don't see really what the problem is here.,MT : they have the opportunity now to try to seek justice,There is no problem  here.,they have the opportunity now to try to seek justice,Default Inference,nodeset6076,26154,26161,112374,True,MT,MT,MT
164,MT : I don't see really what the problem is here.,MT : the closest they can get to the people who actually committed this is the British state,There is no problem  here.,the closest they can get to the people who actually committed this is the British state,Default Inference,nodeset6076,26154,26162,112374,True,MT,MT,MT
165,MT : I don't see really what the problem is here.,MT : and they're pursuing their case,There is no problem  here.,they're pursuing their case,Default Inference,nodeset6076,26154,26163,112374,True,MT,MT,MT
166,MT : What's wrong with this?,MT : they have the opportunity now to try to seek justice,there's nothing wrong with this,they have the opportunity now to try to seek justice,Default Inference,nodeset6076,112358,26161,112380,True,MT,MT,MT
167,MT : What's wrong with this?,MT : and they're pursuing their case,there's nothing wrong with this,they're pursuing their case,Default Inference,nodeset6076,112358,26163,112380,True,MT,MT,MT
168,LA : and they are proceeding with it,LA : The judiciary have ruled they have the right to make this case,they are proceeding with it,The judiciary have ruled they have the right to make this case,Default Inference,nodeset6093,26237,26232,112478,False,LA,LA,LA
169,"MT : Well, in terms of the case of these individuals, do you accept that they have a perfect right to pursue the claim that they are making and it is reasonable for the British state, even though today's politicians weren't implicated in this, for the British state to be answerable of the actions of the British state in the past, in this specific case, we will turn in a moment to the wider question of Empire, but in this specific case","LA : There is another legal principle which you have touched on of how much, do we have a legal responsibility for the actions of the past","in terms of the case of these individuals they have a perfect right to pursue the claim that they are making and it is reasonable for the British state, even though today's politicians weren't implicated in this, for the British state to be answerable of the actions of the British state in the past, in this specific case",we have xxx much legal responsibility for the actions of the past,Default Rephrase,nodeset6093,112471,112480,112485,False,MT,LA,LA
170,"LA : There is another legal principle which you have touched on of how much, do we have a legal responsibility for the actions of the past","LA :  I mean, does Mr Cameron have to answer for the decisions of, say, Lord Palmerston?",we have xxx much legal responsibility for the actions of the past,"Mr Cameron does not have to answer for the decisions of, say, Lord Palmerston",Default Rephrase,nodeset6093,112480,112490,112492,False,LA,LA,LA
171,"LA :  I mean, does Mr Cameron have to answer for the decisions of, say, Lord Palmerston?","MT : Isn't it reasonable to argue that given what they went through, as the closest they can get to the people who perpetrated this is the British state, indeed the state benefitted from colonialism in a variety of ways, that it's reasonable that they should seek recompense from the British state?","Mr Cameron does not have to answer for the decisions of, say, Lord Palmerston","it is reasonable to argue that given what they went through, as the closest they can get to the people who perpetrated this is the British state, indeed the state benefitted from colonialism in a variety of ways, it's reasonable that they should seek recompense from the British state",Default Conflict,nodeset6093,112490,112497,112499,False,LA,MT,MT
172,"MT : Isn't it reasonable to argue that given what they went through, as the closest they can get to the people who perpetrated this is the British state, indeed the state benefitted from colonialism in a variety of ways, that it's reasonable that they should seek recompense from the British state?",MT : Otherwise they have nowhere to go,"it is reasonable to argue that given what they went through, as the closest they can get to the people who perpetrated this is the British state, indeed the state benefitted from colonialism in a variety of ways, it's reasonable that they should seek recompense from the British state",they have nowhere to go,Default Inference,nodeset6093,112497,26260,112502,True,MT,MT,MT
173,"MT : Isn't it reasonable to argue that given what they went through, as the closest they can get to the people who perpetrated this is the British state, indeed the state benefitted from colonialism in a variety of ways, that it's reasonable that they should seek recompense from the British state?","MT : Otherwise we're simply saying, well, the people who did this to you have gone","it is reasonable to argue that given what they went through, as the closest they can get to the people who perpetrated this is the British state, indeed the state benefitted from colonialism in a variety of ways, it's reasonable that they should seek recompense from the British state","we're simply saying, well, the people who did this to you have gone",Default Inference,nodeset6093,112497,112506,112502,True,MT,MT,MT
174,"MT : Isn't it reasonable to argue that given what they went through, as the closest they can get to the people who perpetrated this is the British state, indeed the state benefitted from colonialism in a variety of ways, that it's reasonable that they should seek recompense from the British state?",MT : the injustice is somehow over.,"it is reasonable to argue that given what they went through, as the closest they can get to the people who perpetrated this is the British state, indeed the state benefitted from colonialism in a variety of ways, it's reasonable that they should seek recompense from the British state",the injustice is somehow over.,Default Inference,nodeset6093,112497,26270,112502,True,MT,MT,MT
175,ES : But we cannot take away the fact that these were people who were simply fighting to reclaim their lost lands,ES : and it was a freedom struggle,we cannot take away the fact that these were people who were simply fighting to reclaim their lost lands,it was a freedom struggle,RA,nodeset6094,25814,25527,112511,False,ES,ES,ES
176,ES : But we cannot take away the fact that these were people who were simply fighting to reclaim their lost lands,AM : Where does that take you?,we cannot take away the fact that these were people who were simply fighting to reclaim their lost lands,that takes ES xxx,CA,nodeset6094,25814,112513,112519,False,ES,AM,ES
177,ES : I'm not saying that,ES : But we cannot take away the fact that these were people who were simply fighting to reclaim their lost lands,I'm not saying that,we cannot take away the fact that these were people who were simply fighting to reclaim their lost lands,Default Rephrase,nodeset6094,25811,25814,112533,False,ES,ES,ES
178,AM : Where does that take you?,"ES : In terms of moral responsibility then it, is pretty much anything allowed to them because it was a struggle of liberation",that takes ES xxx,"In terms of moral responsibility then it, is pretty much anything allowed to them because it was a struggle of liberation",Default Rephrase,nodeset6094,112513,112535,112543,False,AM,ES,ES
179,"ES : In terms of moral responsibility then it, is pretty much anything allowed to them because it was a struggle of liberation",ES : it was a struggle of liberation,"In terms of moral responsibility then it, is pretty much anything allowed to them because it was a struggle of liberation",it was a struggle of liberation,Default Rephrase,nodeset6094,112535,25831,112550,False,ES,ES,ES
180,ES : I would refute the notion that these were terrorists,ES : it was a struggle of liberation,these were not terrorists,it was a struggle of liberation,Default Inference,nodeset6094,112516,25831,112553,False,ES,ES,ES
181,ES : I would refute the notion that these were terrorists,ES : I think that was a label that was given to them,these were not terrorists,that was a label that was given to them,Default Inference,nodeset6094,112516,25833,112559,True,ES,ES,ES
182,ES : I would refute the notion that these were terrorists,ES : and it was a label that was very loaded,these were not terrorists,it was a label that was very loaded,Default Inference,nodeset6094,112516,25834,112559,True,ES,ES,ES
183,ES : and it was a label that was very loaded,ES : and of course when you classify people as terrorists then you are seeking to dehumanise them,it was a label that was very loaded,when you classify people as terrorists then you are seeking to dehumanise them,Default Inference,nodeset6094,25834,25835,112568,False,ES,ES,ES
184,MP : but you have just muddled up civil and criminal cases,"MP :  I mean, there's no statute of limitations for murder",ES has just muddled up civil and criminal cases,there's no statute of limitations for murder,RA,nodeset6095,112570,25723,112575,False,MP,MP,MP
185,ES : They do bear responsibility.,ES : Because those liabilities actually transferred back to the British Government,They do bear responsibility.,those liabilities actually transferred back to the British Government,RA,nodeset6095,7514,25761,112586,False,ES,ES,ES
186,ES : Because those liabilities actually transferred back to the British Government,ES : certainly that would not be the British Government's view,those liabilities actually transferred back to the British Government,that would not be the British Government's view,Default Rephrase,nodeset6095,25761,25998,112589,False,ES,ES,ES
187,ES : Because those liabilities actually transferred back to the British Government,ES : but that would be the view of the claimants and their representatives. And also the current government of Kenya.,those liabilities actually transferred back to the British Government,that would be the view of the claimants and their representatives. And also the current government of Kenya.,RA,nodeset6095,25761,25771,112592,False,ES,ES,ES
188,MP : Isn't that a source of injustice?,ES : Definitely not,that is a source of injustice,that isn't a source of injustice,CA,nodeset6095,25753,27848,112597,False,MP,ES,ES
189,MP : and no one would deny that they were treated in an appalling way,MP : but you have just muddled up civil and criminal cases,they were treated in an appalling way,ES has just muddled up civil and criminal cases,Default Rephrase,nodeset6095,25710,112570,112603,False,MP,MP,MP
190,"MP :  I mean, there's no statute of limitations for murder","MP : and one can certainly say - this is my point, if there are specific perpetrators, if you have a tyrant, if you have a group of military officers who are accused of committing a war crime, then for sure, there should be no statute of limitations in prosecuting them.",there's no statute of limitations for murder,"if there are specific perpetrators, if you have a tyrant, if you have a group of military officers who are accused of committing a war crime, then for sure, there should be no statute of limitations in prosecuting them.",Default Rephrase,nodeset6095,25723,25726,112606,False,MP,MP,MP
191,"MP :  I mean, there's no statute of limitations for murder",MP : You have a specific perpetrator,there's no statute of limitations for murder,You have a specific perpetrator,Default Inference,nodeset6095,25723,25734,112609,False,MP,MP,MP
192,MP : but you have just muddled up civil and criminal cases,MP : But here you don't have specific perpetrators.,ES has just muddled up civil and criminal cases,here you don't have specific perpetrators.,Default Inference,nodeset6095,112570,25995,112612,False,MP,MP,MP
193,MP : but you have just muddled up civil and criminal cases,MP : What's happening in this case is not the prosecution of a crime,ES has just muddled up civil and criminal cases,What's happening in this case is not the prosecution of a crime,Default Inference,nodeset6095,112570,25996,112614,False,MP,MP,MP
194,MP : What's happening in this case is not the prosecution of a crime,"MP :  it is a claim for compensation against the present government, which had no responsibility for what happened",What's happening in this case is not the prosecution of a crime,"it is a claim for compensation against the present government, which had no responsibility for what happened",Default Inference,nodeset6095,25996,27889,112620,False,MP,MP,MP
195,MP : Isn't that a source of injustice?,"MP :  it is a claim for compensation against the present government, which had no responsibility for what happened",that is a source of injustice,"it is a claim for compensation against the present government, which had no responsibility for what happened",Default Inference,nodeset6095,25753,27889,112623,False,MP,MP,MP
196,ES : Definitely not,ES : They do bear responsibility.,that isn't a source of injustice,They do bear responsibility.,Default Inference,nodeset6095,27848,7514,112626,False,ES,ES,ES
197,"MP : So when black people say, for example, Jews control the banks, that's not prejudice?",JA : but it's not racism,"when black people say, for example, Jews control the banks, that's prejudice",it's not racism,RA,nodeset6096,112630,28760,112635,False,MP,JA,JA
198,JA : but it's not racism,MP : It's not racism?,it's not racism,It's racism,CA,nodeset6096,28760,112636,112638,False,JA,MP,JA
199,JA : people who are powerless cannot be prejudiced,"MP : So when black people say, for example, Jews control the banks, that's not prejudice?",people who are powerless cannot be prejudiced,"when black people say, for example, Jews control the banks, that's prejudice",Default Conflict,nodeset6096,28746,112630,112653,False,JA,MP,JA
200,"MP : So when black people say, for example, Jews control the banks, that's not prejudice?",JA : That's racially offensive,"when black people say, for example, Jews control the banks, that's prejudice",That's racially offensive,Default Conflict,nodeset6096,112630,28757,112656,True,MP,JA,JA
201,"MP : So when black people say, for example, Jews control the banks, that's not prejudice?",JA : but it's not racism,"when black people say, for example, Jews control the banks, that's prejudice",it's not racism,Default Conflict,nodeset6096,112630,28760,112656,True,MP,JA,JA
202,MP : It's not racism?,JA : Because you can be convicted of being racially offensive without being a racist,It's racism,you can be convicted of being racially offensive without being a racist,Default Conflict,nodeset6096,112636,28772,112659,False,MP,JA,JA
203,JA : Margaret Thatcher's daughter made some inappropriate comments,JA : Because you can be convicted of being racially offensive without being a racist,Margaret Thatcher's daughter made some inappropriate comments,you can be convicted of being racially offensive without being a racist,Default Inference,nodeset6096,28778,28772,112662,False,JA,JA,JA
204,JA : I have heard lots of judgments of people being found guilty of uttering racially offensive remarks without themselves being what I would call a card carrying racist,JA : Because you can be convicted of being racially offensive without being a racist,JA has heard lots of judgments of people being found guilty of uttering racially offensive remarks without themselves being what JA would call a card carrying racist,you can be convicted of being racially offensive without being a racist,Default Inference,nodeset6096,28781,28772,112665,False,JA,JA,JA
205,AM :  Do you make that parallel?,"JA : in order to finance the trade and the extraction of resource in African countries, infrastructure was built and there was a degree of benevolence",JA makes that parallel,"in order to finance the trade and the extraction of resource in African countries, infrastructure was built and there was a degree of benevolence",RA,nodeset6097,28854,28861,112676,True,AM,JA,JA
206,AM :  Do you make that parallel?,"JA : overall, if you ask people who have been subject to colonialism, it is an experience that leaves them financially much poorer, psychologically degraded in terms of their humanity",JA makes that parallel,"overall, if you ask people who have been subject to colonialism, it is an experience that leaves them financially much poorer, psychologically degraded in terms of their humanity",RA,nodeset6097,28854,28862,112676,True,AM,JA,JA
207,JA : the Jewish community was shipped to Auschwitz,JA : The trains ran on crime,the Jewish community was shipped to Auschwitz,The trains ran on crime,Default Inference,nodeset6097,28853,28852,112677,False,JA,JA,JA
208,JA : the Jewish community was shipped to Auschwitz,AM :  Do you make that parallel?,the Jewish community was shipped to Auschwitz,JA makes that parallel,Default Rephrase,nodeset6097,28853,28854,112679,False,JA,AM,AM
209,JA : I want a moment that would produce more inclusivity,AM : How could it possibly follow from this very deleterious account of colonialism that you have just given?,JA wants a moment that would produce more inclusivity,it could not possibly follow from this very deleterious account of colonialism that JA has just given,CA,nodeset6098,112682,112684,112694,False,JA,AM,AM
210,AM : How could it possibly follow from this very deleterious account of colonialism that you have just given?,AM : One just seems to take you into a way of feeling worse about everything,it could not possibly follow from this very deleterious account of colonialism that JA has just given,One just seems to take you into a way of feeling worse about everything,Default Inference,nodeset6098,112684,28903,112702,False,AM,AM,AM
211,AM : How is that going to make young black Britons feel better?,AM : One just seems to take you into a way of feeling worse about everything,that is not going to make young black Britons feel better,One just seems to take you into a way of feeling worse about everything,Default Inference,nodeset6098,112685,28903,112705,False,AM,AM,AM
212,AM : How is that going to make young black Britons feel better?,"JA : We are here on Mandela's birthday and his leadership in relation to South Africa was one in which he sought to explore these issues, reconcile them, bring them to account, to apologise, to effect reparation where necessary, to acknowledge the crime",that is not going to make young black Britons feel better,"We are here on Mandela's birthday and his leadership in relation to South Africa was one in which he sought to explore these issues, reconcile them, bring them to account, to apologise, to effect reparation where necessary, to acknowledge the crime",Default Conflict,nodeset6098,112685,28905,112708,False,AM,JA,JA
213,"JA :  You see, the legacy of colonialism for white people is white privilege in the modern day setting.","JA : We are here on Mandela's birthday and his leadership in relation to South Africa was one in which he sought to explore these issues, reconcile them, bring them to account, to apologise, to effect reparation where necessary, to acknowledge the crime",the legacy of colonialism for white people is white privilege in the modern day setting.,"We are here on Mandela's birthday and his leadership in relation to South Africa was one in which he sought to explore these issues, reconcile them, bring them to account, to apologise, to effect reparation where necessary, to acknowledge the crime",Default Inference,nodeset6098,112686,28905,112711,True,JA,JA,JA
214,"JA :  You see, the legacy of colonialism for white people is white privilege in the modern day setting.","JA : The legacy of colonialism for black people is, you know, poverty",the legacy of colonialism for white people is white privilege in the modern day setting.,"The legacy of colonialism for black people is, you know, poverty",Default Inference,nodeset6098,112686,28907,112711,True,JA,JA,JA
215,AM : that probably isn't enough for you,JA : I think they are due reparation,that probably isn't enough for JA,they are due reparation,RA,nodeset6099,112714,112715,112729,False,AM,JA,JA
216,"AM : In a sentence, do you think this particular court case might provide this Mdeba moment",LA : I don't think so,"In a sentence, JA thinks / does not think this particular court case might provide this Mdeba moment",JA does not think this particular court case might provide this Mdeba moment,Default Rephrase,nodeset6099,112717,28978,112735,False,AM,LA,LA
217,AM : What can we do to make you happy?,"JA : Acknowledgment, in a Christian sense",we can do xxx to make JA happy,"Acknowledgment, in a Christian sense",Default Rephrase,nodeset6099,112713,28941,112740,False,AM,JA,JA
218,"JA : Acknowledgment, in a Christian sense","AM : Hang on, Enoch Powell acknowledged the maltreatment of the Mau Mau in a stirring speech","Acknowledgment, in a Christian sense",Enoch Powell acknowledged the maltreatment of the Mau Mau in a stirring speech,Default Conflict,nodeset6099,28941,28942,112742,False,JA,AM,AM
219,AM : that probably isn't enough for you,"JA : Acknowledgment, in a Christian sense",that probably isn't enough for JA,"JA : Acknowledgment, in a Christian sense",Default Inference,nodeset6099,112714,28953,112746,False,AM,JA,JA
220,JA : I think they are due reparation,"JA : Thousands were made landless, homeless and reduced to absolute poverty",they are due reparation,"Thousands were made landless, homeless and reduced to absolute poverty",Default Inference,nodeset6099,112715,112751,112753,True,JA,JA,JA
221,JA : I think they are due reparation,JA : and generations of families have not been able to recover from that,they are due reparation,generations of families have not been able to recover from that,Default Inference,nodeset6099,112715,112758,112753,True,JA,JA,JA
222,JA : acknowledgment and reparation for that is the minimum moral requisite position that is required from the United Kingdom,"JA : Thousands were made landless, homeless and reduced to absolute poverty",acknowledgment and reparation for that is the minimum moral requisite position that is required from the United Kingdom,"Thousands were made landless, homeless and reduced to absolute poverty",Default Inference,nodeset6099,28946,112751,112760,True,JA,JA,JA
223,JA : acknowledgment and reparation for that is the minimum moral requisite position that is required from the United Kingdom,JA : and generations of families have not been able to recover from that,acknowledgment and reparation for that is the minimum moral requisite position that is required from the United Kingdom,generations of families have not been able to recover from that,Default Inference,nodeset6099,28946,112758,112760,True,JA,JA,JA
224,JA : And if Britain thinks that it can move on to an inclusive citizenship without addressing these historical relics of colonialism that continue to plague contemporary debates about citizenship then frankly it's fooling itself,JA : acknowledgment and reparation for that is the minimum moral requisite position that is required from the United Kingdom,if Britain thinks that it can move on to an inclusive citizenship without addressing these historical relics of colonialism that continue to plague contemporary debates about citizenship then frankly it's fooling itself,acknowledgment and reparation for that is the minimum moral requisite position that is required from the United Kingdom,Default Inference,nodeset6099,112716,28946,112763,False,JA,JA,JA
225,LA : I don't think so,LA :  I think it will be an important opportunity for the individuals to make their case,LA does not think this particular court case might provide this Mdeba moment,it will be an important opportunity for the individuals to make their case,Default Inference,nodeset6099,28978,112718,112765,True,LA,LA,LA
226,LA : I don't think so,LA : I don't see it resulting in the broader moment,LA does not think this particular court case might provide this Mdeba moment,it will not result in the broader moment,Default Inference,nodeset6099,28978,112719,112765,True,LA,LA,LA
227,AM : it is a very partial view,AM : and it doesn't really answer why there was such outrage about it,it is a very partial view,it doesn't really answer why there was such outrage about it,Default Inference,nodeset6100,29827,29830,112780,False,AM,AM,AM
228,AM : and it doesn't really answer why there was such outrage about it,"AM : if it's such an exploitative thing, why was there outrage?",it doesn't really answer why there was such outrage about it,"if it's such an exploitative thing, there should not be outrage",Default Inference,nodeset6100,29830,112769,112783,False,AM,AM,AM
229,AM : So it is a good point Clifford makes,AM : it speaks well for the case that is being brought at the moment,it is a good point Clifford makes,it speaks well for the case that is being brought at the moment,Default Inference,nodeset6100,112785,29839,112790,True,AM,AM,AM
230,AM : So it is a good point Clifford makes,AM : it does not speak so well for broadening it out into a reckoning with everything else,it is a good point Clifford makes,it does not speak so well for broadening it out into a reckoning with everything else,Default Inference,nodeset6100,112785,29842,112790,True,AM,AM,AM
231,"MB : How much sympathy generally around the table was there for Lee Jasper's view that some form of Mdeba moment, as he put it, reconciliation or acknowledgment of the sins of the past is something that we desperately require to bring about an inclusive multi-racial community?",CL : I personally as an English person feel ashamed about the way the British behaved in these circumstances in Africa at that time.,"there was xxx much sympathy generally around the table for Lee Jasper's view that some form of Mdeba moment, as he put it, reconciliation or acknowledgment of the sins of the past is something that we desperately require to bring about an inclusive multi-racial community",CL personally as an English person feelS ashamed about the way the British behaved in these circumstances in Africa at that time,Default Rephrase,nodeset6100,112773,29853,112794,False,MB,CL,CL
232,CL : And I would feel better if the people who had suffered that injustice were compensated,CL : I personally as an English person feel ashamed about the way the British behaved in these circumstances in Africa at that time.,CL would feel better if the people who had suffered that injustice were compensated,CL personally as an English person feelS ashamed about the way the British behaved in these circumstances in Africa at that time,Default Inference,nodeset6100,29856,29853,112797,False,CL,CL,CL
233,CL : And I would feel better if the people who had suffered that injustice were compensated,"CL : and if it's an emotional thing to do with blame and guilt, if you like, me I personally feel dishonoured by what was done in my name",CL would feel better if the people who had suffered that injustice were compensated,"if it's an emotional thing to do with blame and guilt, CL personally feels dishonoured by what was done in his name",Default Inference,nodeset6100,29856,112777,112800,False,CL,CL,CL
234,MT : don't you think we are quite hung up about this,AM : I don't think I am in the same way,we are quite hung up about this,AM is not in the same way,CA,nodeset6101,29910,112803,112806,False,MT,AM,MT
235,"MT : Don't you think there's a streak that says, it was a pretty balanced account, there's nothing wrong with colonialism.",AM : I don't think people do think that,"there's a streak that says, it was a pretty balanced account, there's nothing wrong with colonialism",people do not think that,CA,nodeset6101,29919,112809,112813,False,MT,AM,MT
236,"MP : For decades, our children have been taught nothing other than the Empire was uniquely dreadful","MT : I didn't learn that in school, 40 years ago","For decades, our children have been taught nothing other than the Empire was uniquely dreadful","MT didn't learn that in school, 40 years ago",CA,nodeset6101,29935,29941,112819,False,MP,MT,MT
237,"MT : I didn't learn that in school, 40 years ago",MT : I was told it was generally speaking a good thing,"MT didn't learn that in school, 40 years ago",MT was told it was generally speaking a good thing,RA,nodeset6101,29941,29947,112823,False,MT,MT,MT
238,AM : I don't think people do think that,MP : That's a caricature,people do not think that,That's a caricature,Default Inference,nodeset6101,112809,29929,112832,False,AM,MP,MP
239,"MT : Don't you think there's a streak that says, it was a pretty balanced account, there's nothing wrong with colonialism.","MP : For decades, our children have been taught nothing other than the Empire was uniquely dreadful","there's a streak that says, it was a pretty balanced account, there's nothing wrong with colonialism","For decades, our children have been taught nothing other than the Empire was uniquely dreadful",Default Conflict,nodeset6101,29919,29935,112835,False,MT,MP,MP
240,MT : Maybe there should be a window of apology and getting back to common sense.,MT : I was told it was generally speaking a good thing,there should be a window of apology and getting back to common sense.,MT was told it was generally speaking a good thing,Default Inference,nodeset6101,29953,29947,112838,False,MT,MT,MT
241,MT : Maybe there should be a window of apology and getting back to common sense.,"MP : Under the national curriculum, we were told the Empire was bad.",there should be a window of apology and getting back to common sense.,"Under the national curriculum, we were told the Empire was bad.",Default Conflict,nodeset6101,29953,8378,112841,False,MT,MP,MP
242,"MP : Under the national curriculum, we were told the Empire was bad.",MT :  Neil Ferguson is saying it is great today,"Under the national curriculum, we were told the Empire was bad.",NF : it is great today,Default Conflict,nodeset6101,8378,29969,112843,False,MP,MT,MP
243,MT : so the moment has passed,MT :  Neil Ferguson is saying it is great today,the moment has passed,NF : it is great today,Default Inference,nodeset6101,29975,29969,112846,False,MT,MT,MT
244,"MB : there is a rather interesting tension between this idea of trying to make moral judgments about the past through the prism of the present, if you like,","MB : when you're talk - the last witness talked about, well, the 17th century was a completely different universe",there is a rather interesting tension between this idea of trying to make moral judgments about the past through the prism of the present,last witness : the 17th century was a completely different universe,Default Inference,nodeset6102,29760,29765,112861,True,MB,MB,MB
245,"MB : there is a rather interesting tension between this idea of trying to make moral judgments about the past through the prism of the present, if you like,","MB : Clifford also had a powerful point in cross-examination when he was saying, actually, in this particular case, what are crimes now were very much crimes then",there is a rather interesting tension between this idea of trying to make moral judgments about the past through the prism of the present,"CL : in this particular case, what are crimes now were very much crimes then",Default Inference,nodeset6102,29760,112869,112861,True,MB,MB,MB
246,"CL : in this particular case, what are crimes now were very much crimes then",MB : It wasn't that distant in moral terms from where we are now,"in this particular case, what are crimes now were very much crimes then",It wasn't that distant in moral terms from where we are now,Default Inference,nodeset6102,29777,8299,112877,False,CL,MB,MB
247,AM : That is interesting,AM : that is a good case and something I do take very seriously,That is interesting,that is a good case and something AM does take very seriously,Default Inference,nodeset6102,29787,112881,112886,False,AM,AM,AM
248,AM : that is a good case and something I do take very seriously,AM : and we do look back to the fact that people were making stirring speeches about it at the time,that is a good case and something AM does take very seriously,we do look back to the fact that people were making stirring speeches about it at the time,Default Inference,nodeset6102,112881,29799,112889,False,AM,AM,AM
249,AM : that plays against Matthew's point,"AM : that colonialism, as we keep calling it, is in some way all about the extraction of wealth and exploitation",that plays against Matthew's point,MT : colonialism is in some way all about the extraction of wealth and exploitation,Default Inference,nodeset6102,112891,112898,112904,False,AM,AM,AM
250,AM : that plays against Matthew's point,MT : That's what drove it,that plays against Matthew's point,That's what drove it,Default Conflict,nodeset6102,112891,29809,112908,False,AM,MT,MT
251,MT : That's what drove it,AM : But that's your opinion,That's what drove it,that's MT's opinion,Default Conflict,nodeset6102,29809,112858,112911,True,MT,AM,MT
252,MT : That's what drove it,"AM : and that is a very, very partial view of history.",That's what drove it,"that is a very, very partial view of history.",Default Conflict,nodeset6102,29809,29821,112911,True,MT,AM,AM
253,"MB : So it would be okay under these circumstances for, say, a holocaust victim to take a civil damages case against Angela Merkel, would it?",MT : This is a very interesting point.,"it would not be okay under these circumstances for, say, a holocaust victim to take a civil damages case against Angela Merkel",This is a very interesting point.,CA,nodeset6103,29650,29653,112919,False,MB,MT,MT
254,MT : This is a very interesting point.,MT : You do get reparations in Germany,This is a very interesting point.,You do get reparations in Germany,RA,nodeset6103,29653,29660,112923,True,MT,MT,MT
255,MT : This is a very interesting point.,"MT : but also the recognition in Germany of their responsibility for the Holocaust is much, much more unambiguous",This is a very interesting point.,"the recognition in Germany of their responsibility for the Holocaust is much, much more unambiguous",RA,nodeset6103,29653,29666,112923,True,MT,MT,MT
256,MT : and I think that's a hang up Britain has got,"MT : When you see these cases, there is still a strong feeling of saying, it wasn't so bad after all",that's a hang up Britain has got,"When you see these cases, there is still a strong feeling of saying, it wasn't so bad after all",RA,nodeset6103,29686,29692,112936,False,MT,MT,MT
257,MP : Nothing good happened under Nazism,MP : It was in essence a tyranny,Nothing good happened under Nazism,It was in essence a tyranny,RA,nodeset6103,29742,29748,112949,False,MP,MP,MP
258,MT : I think what was interesting tonight is when you hear Lawrence James who I think was the second witness,MT : he doesn't really like this case,what was interesting tonight is when you hear Lawrence James who was the second witness,Lawrence James doesn't really like this case,Default Inference,nodeset6103,112952,112926,112957,False,MT,MT,MT
259,MT : I think what was interesting tonight is when you hear Lawrence James who I think was the second witness,MT : because he wants to muddy the waters,what was interesting tonight is when you hear Lawrence James who was the second witness,Lawrence James wants to muddy the waters,Default Inference,nodeset6103,112952,112928,112960,False,MT,MT,MT
260,MT : because he wants to muddy the waters,"MT : He wants to say, well, there was good and bad",Lawrence James wants to muddy the waters,LJ : there was good and bad,Default Inference,nodeset6103,112928,29680,112962,False,MT,MT,MT
261,Esther : The reason we need these case assist because of that ambiguity,MP : The difference is that this was an aberration,The reason we need these case assist because of that ambiguity,The difference is that this was an aberration,Default Conflict,nodeset6103,112965,29704,112974,False,Esther,MP,MP
262,LJ : nothing horrible was done under the Empire,MP : I wouldn't go as far as Lawrence James went,nothing horrible was done under the Empire,MP wouldn't go as far as Lawrence James went,Default Conflict,nodeset6103,112988,112976,112998,False,LJ,MP,LJ
263,MP : I wouldn't go as far as Lawrence James went,MP : I think a lot of bad things were done under the Empire,MP wouldn't go as far as Lawrence James went,a lot of bad things were done under the Empire,Default Inference,nodeset6103,112976,29718,113001,False,MP,MP,MP
264,MP : but basically bad things done under the Empire were an aberration,MP : The Empire brought a lot of good things,bad things done under the Empire were an aberration,The Empire brought a lot of good things,Default Inference,nodeset6103,112941,29727,113006,True,MP,MP,MP
265,MP : but basically bad things done under the Empire were an aberration,MP : colonialism brought a lot of good things,bad things done under the Empire were an aberration,colonialism brought a lot of good things,Default Inference,nodeset6103,112941,29730,113006,True,MP,MP,MP
266,MP : that's the great difference between the Empire and Nazism,MP : Nothing good happened under Nazism,that's the great difference between the Empire and Nazism,Nothing good happened under Nazism,Default Inference,nodeset6103,29736,29742,113010,False,MP,MP,MP
267,"MP : therefore the country was responsible for what happened in a way that Britain is not responsible, collectively, in the same way, for what happened to these people.",MP : It was in essence a tyranny,"the country was responsible for what happened in a way that Britain is not responsible, collectively, in the same way, for what happened to these people.",It was in essence a tyranny,Default Inference,nodeset6103,29754,29748,113013,False,MP,MP,MP
268,MT :  and they should be tried,MT : and I think that goes to the point that actually this is why these cases are significant,they should be tried,that goes to the point that actually this is why these cases are significant,RA,nodeset6120,29882,29876,113229,False,MT,MT,MT
269,MT :  and they should be tried,MT : because they take us to questions we have still got to resolve.,they should be tried,they take us to questions we have still got to resolve.,RA,nodeset6120,29882,29888,113233,False,MT,MT,MT
270,AM : Was anyone remotely convinced by Lee Jasper's argument that this would help black Britons today?,"AM : There are problems in the education system, problems of underperformance, problems in the employment market",AM wasn't remotely convinced by Lee Jasper's argument that this would help black Britons today,"There are problems in the education system, problems of underperformance, problems in the employment market",RA,nodeset6120,29897,29901,113238,True,AM,AM,AM
271,AM : Was anyone remotely convinced by Lee Jasper's argument that this would help black Britons today?,"AM : and the idea that having some sort of moment which would really be about disinterring the past is going to be remotely helpful is, I think, beyond credibility.",AM wasn't remotely convinced by Lee Jasper's argument that this would help black Britons today,the idea that having some sort of moment which would really be about disinterring the past is going to be remotely helpful is beyond credibility.,RA,nodeset6120,29897,113239,113238,True,AM,AM,AM
272,MT : so this is a live debate,"MT : there has been a revisionist itself to say, let's rebalance this, actually the Empire wasn't so bad",this is a live debate,A revisionist :  actually the Empire wasn't so bad,Default Inference,nodeset6120,29870,113246,113252,False,MT,MT,MT
273,MT : so this is a live debate,MT : and I think that goes to the point that actually this is why these cases are significant,this is a live debate,that goes to the point that actually this is why these cases are significant,Default Inference,nodeset6120,29870,29876,113254,False,MT,MT,MT
